X,Y
1.1696229,0.32013223
-0.03363741,0.1985688
0.67040604,-0.1312671
-0.46816152,-0.5601903
0.63745046,0.038370505
-1.6577764,-0.79591274
0.026423521,0.15135735
-0.13666835,2.03268
-0.74034005,0.9100244
0.4775328,-0.8514226
-0.1904697,0.7235146
-0.9204086,-0.38380235
1.4633434,-0.19728175
0.26457268,0.87585574
-0.24287386,0.12299552
0.7049422,-1.1877086
-0.4904451,-1.6780163
0.44181022,0.37657097
-0.41047263,-0.9117777
0.42592087,-0.12188358
-0.5633208,-0.8508767
-1.0159811,0.7150925
-0.4588156,0.20369212
-0.6137455,0.055259287
0.843662,-0.13765623
1.1172371,-0.009922863
-1.3273524,0.695222
-0.16212264,0.4803003
-0.41243073,0.9506442
-0.6678464,0.33284348
0.9781207,0.6926756
0.10551705,0.07682201
0.22179252,0.3065071
0.33279482,-0.49856052
0.206835,-0.57049006
0.8549801,0.3068996
0.33964965,-0.34496427
0.3408696,-0.45283917
0.27745765,0.77021116
0.060664807,0.022359611
-0.40428644,-0.24389324
-0.91900295,-0.92934364
-1.3133192,0.5547578
0.82515204,0.84665686
0.38013327,-1.7512565
-0.41763395,-0.41994876
-0.3088898,-0.35917
0.7718485,-0.5447902
-0.28153077,0.52235156
-0.062020615,-0.286806
0.2334938,1.1572345
-1.1550174,0.6430299
-0.6687784,0.019670127
-1.5605311,1.924201
0.7807629,0.37774011
-0.7715422,-0.09512653
1.8768107,-0.54459304
-0.26703718,-0.534611
-1.4092876,0.20391479
-0.16826907,1.2814958
0.62340206,0.40393066
-0.8454705,0.27290565
0.22564796,1.292603
0.042926338,0.39497542
-0.48458168,0.74552953
0.6939159,-0.27637213
0.5065111,0.40629756
-0.5180275,0.7550294
-0.09342296,-0.60444784
-0.5239171,0.40057814
-0.14970115,0.1575513
0.11784545,0.09936824
-0.60805774,-0.7812633
0.30317533,-0.98990697
-0.14190733,1.0735426
-0.49602056,0.9899073
-0.6216502,0.33593395
-1.1589872,-0.19615252
0.29426947,-1.1603519
-0.38471845,-1.0206021
-0.14243808,0.02751244
-0.5297888,0.5746753
0.07952982,0.107617125
0.17232156,-0.0066844057
-0.33553874,0.72623146
-0.57675076,1.2175142
0.8843798,-0.85140485
0.18762086,0.6649802
-0.07277907,0.83566886
0.7242302,-1.0948896
-0.1641406,-2.4879901
-0.79883915,-0.03750187
1.274824,-0.27681097
1.0935217,-0.15571031
1.2919035,-1.7384609
-0.6620188,0.40020943
0.9552542,-0.05317624
-0.3105914,-0.03208073
-0.1116239,0.80305123
0.5234249,0.8943192
-0.5319616,1.0139674
-1.2571231,0.62191534
-0.5220764,0.12774336
0.47994825,-1.1972742
0.9137425,0.64289814
-0.5953388,-0.4364356
-1.5783553,-0.9702317
0.068351306,0.8448396
0.9835427,1.2324015
-1.7504323,-0.51426893
1.8114196,-1.0454189
1.7679371,0.8468947
1.8843821,1.855962
-0.11796881,0.10959492
-0.90445936,0.74028236
-0.4105488,0.57408583
-0.8543261,1.1343995
0.021454828,-1.2957399
-0.94852823,0.034380093
0.02716968,-0.1441876
-0.42629242,0.4575324
-0.21165128,0.13747087
0.8018042,0.2042171
0.893145,0.5447094
-0.42757043,-0.3846744
0.43292674,0.05979933
-0.34676632,0.23467341
-0.200157,-0.42098317
-0.13089041,-0.1983784
0.15705785,-1.8029538
-0.19049338,-0.06795838
1.5745186,-0.4798407
0.34379476,0.41802827
-0.09371035,0.21928139
-0.7541506,0.8457404
-0.04986085,0.6433716
-0.0097058965,1.7648108
-1.3622687,0.66073704
0.12085957,-0.54058623
-0.78411347,-0.8740389
-0.0888822,-0.77720153
-0.37203676,0.22481856
1.0819572,-0.3264371
0.8860071,-0.24125145
0.56583446,0.5663845
-1.0808089,0.011067225
-0.22934665,-0.03231661
0.008369643,-0.37738255
-0.63485485,0.57124937
-0.10376243,-0.26964396
-0.84958166,-0.25308204
0.08558293,0.5650217
0.6620567,0.7796664
0.18507136,-1.9210117
-0.20313981,-0.757671
-0.1638601,0.47534597
0.2763402,0.16092452
-0.07999734,0.5567479
-1.7347338,1.4133756
0.5337687,1.0402726
0.63846284,0.2400108
-0.7821698,1.4099503
-0.81803083,1.2686672
1.321872,-0.73174244
-0.7283773,0.439572
-0.03669017,-0.023253795
0.8951903,0.28609073
-0.5742156,0.00010663545
-0.42778865,0.18453021
-0.45022058,-0.4668125
0.9507379,-0.15732417
0.11631817,0.21232784
-0.35156873,-0.6873289
-0.9552602,0.9022404
-0.034112733,0.87974334
1.1377504,0.99835914
-0.762312,-0.004407062
-0.9673662,-0.6889518
-0.116260774,-2.1147127
0.073340066,0.31118047
0.24555483,0.33165246
-0.77974164,0.6246615
0.0015657974,-1.3691938
-0.42546675,-1.1347171
0.5575523,1.5239325
1.0872412,1.8934052
0.5477791,0.41498905
0.041677877,0.30869833
0.46476504,0.2556069
0.049247976,-0.27958846
-0.42895618,0.96723527
0.9921329,-0.45554718
-0.33023977,-0.4027186
0.3472847,-0.3771949
0.22052746,0.17982447
1.2769185,1.1518705
0.2640756,-0.02282042
0.28537592,-0.18577005
-0.09146702,-0.26955947
0.6118919,-0.46553946
0.25819036,-0.4779922
1.1915511,0.18536972
0.21493761,0.33819005
-0.8194711,1.1703907
1.2497689,-1.0136417
0.93061185,-0.06261726
-0.3956286,-0.12713945
-0.69166845,-0.07561803
-0.4286796,0.339466
0.38430977,0.5919665
-0.6755323,-0.8175556
0.9253993,-0.30221242
-0.073987335,0.15325153
-1.3087076,-0.47123742
-0.6293111,0.6382774
-0.19353141,-0.71597046
1.536407,-0.40458924
-0.593546,0.22177538
0.46487147,1.2113388
0.10991914,-0.5111618
-0.20907994,-0.35585573
0.43689,-0.3073714
0.6964979,0.053526968
-0.08001334,0.15917495
0.73265964,-0.12280966
0.09607706,0.009451741
-1.2397286,0.1851188
0.9996476,-0.26485303
-0.36000288,0.04580995
-1.0467181,1.0073073
-0.37924826,-0.08463175
1.3473959,-0.007071011
1.0912304,0.9130314
-0.44483727,-1.0578085
0.27972046,0.4212632
0.43375978,0.4576225
-0.5065449,-0.5507346
-0.18563662,0.68552566
0.1702956,0.45691603
0.63713646,0.49277675
-0.24235314,-0.089735284
-1.2300378,0.17560314
0.46952817,-0.5555826
-0.65064514,0.9034272
-0.16699779,0.8942031
0.17603868,0.157611
-0.11813073,1.0662959
0.16964568,-0.3060246
0.551208,1.1068623
-0.2133982,-0.096939296
0.13765097,0.63127846
0.634745,-1.7690766
0.12079128,0.9449375
1.2094628,-1.4260122
-0.7034038,0.16981333
-0.011863514,0.45918232
0.072571166,-0.56178695
-0.16652386,0.34904647
-0.15154001,-1.2452198
1.2442107,-0.24077633
0.5420366,0.46913677
0.3591784,0.035209913
-0.27402124,-0.31677517
-0.90330374,0.18343218
0.041795865,0.44232586
-0.056340877,-1.2453293
-1.2362001,0.06497139
1.1006964,0.07484204
0.13269989,-1.4648952
0.18034291,-0.16641061
0.37788168,-0.661898
0.45192182,1.4647869
1.3524523,-0.40793085
2.110791,-0.48250654
-0.692252,0.20165168
1.0070267,0.17156051
-0.275039,-0.0820008
0.31810308,-0.13210082
0.5916634,-0.04721405
0.5536093,0.51765203
0.73234564,0.32645166
0.052712575,0.85935014
-0.7204464,1.146882
0.27072755,0.5456257
-1.354439,-1.0652609
-0.7637594,-0.6565808
0.21155398,-0.86220795
-0.007042947,-0.1538032
-1.1673819,0.9429788
0.42187446,-0.88134074
0.6809268,-1.9795389
0.68135196,0.8201083
-0.05742655,0.9852562
-0.45033097,-1.3505155
0.1997366,-0.15831044
-0.19725102,0.36894712
0.52625376,1.2902776
0.44630724,0.16072445
-0.3394452,0.54603666
1.1748389,0.3232482
-1.9080765,-0.47984055
-0.554191,-1.1880653
0.3706705,1.0083601
0.50495255,-0.1979368
0.16052482,-0.19692943
-1.2248673,-0.96444976
-0.02320703,0.15251887
-0.42899254,-0.4333318
0.56775147,-0.46980035
0.37531945,0.009227006
-2.2229137,-0.38859287
0.5178339,-0.20773154
-0.46095708,0.022856046
-0.21981363,0.3738362
1.2210429,0.58407134
0.12338725,-0.8020655
-0.113487236,-0.6887207
0.9010976,0.412399
-0.08237549,0.20055687
-1.181174,1.3359954
1.5322709,0.03596473
1.124627,-1.1879628
-1.0544444,-0.06816777
-0.765062,0.793712
0.47125706,0.6071249
-0.090580896,0.9062968
0.1297672,0.49897978
-0.60844684,-0.37495196
-0.59539586,-0.5107001
0.00727949,-0.55142987
0.52905107,0.0607229
0.9595989,0.18011469
-0.86400396,-0.07451006
0.5292925,0.60091764
-0.30722046,0.41698337
0.7107512,-1.1490655
-0.13667822,-0.20997219
0.6891873,-1.7755761
-0.4163884,-0.20675685
0.5990645,0.4861467
-0.2607624,-0.9976462
0.34349486,-0.12408032
-1.0888609,0.6458395
-0.20688272,-0.49522287
-0.08022382,0.1612182
-0.3499182,-0.34597328
-0.505663,-0.97454476
0.5700293,-0.37982276
0.71920854,-1.2000477
-1.7923338,0.64729744
0.61598444,0.656982
-0.4724479,-0.49694407
0.61158955,0.4218053
-0.07431219,0.2064177
-0.45001498,-1.0352044
-0.59332937,0.40364516
0.5794432,0.5759148
-0.17602175,-0.41414997
0.7411015,-0.31708953
-0.043402415,-0.20813613
-0.7993745,0.19392036
0.103744306,0.8700406
-0.14033301,1.5064133
-0.9984873,0.21050462
-0.07021701,-0.112301014
-0.39035785,0.08794457
0.40975747,-0.0014745308
0.2599273,0.32266453
1.3524852,-0.7449683
-0.11635711,0.18812758
-1.9522362,-0.10000333
-0.22786133,0.54862267
-1.0044914,0.9328017
-0.054412667,-0.909526
-0.2718308,0.18791446
-0.108117916,0.530311
-0.10694433,-0.06955312
0.59958994,-0.27963316
1.0095617,-0.33931965
1.0281496,-0.5530471
-0.71514076,-2.0328753
1.3294791,0.24428563
0.43147895,0.6448966
1.2090007,-0.35989362
0.5015484,0.080848865
-0.24767046,-0.6244061
0.40591696,0.6916878
0.68974406,-1.0961949
-0.3274452,0.5429934
0.72479,0.5244506
-0.12296713,-0.5509246
0.20989805,0.0111414995
0.04323334,-0.5366519
1.1632059,0.39522985
-0.15319866,0.6359911
-0.2005721,0.1363623
-0.8576766,-0.51764643
0.60314006,-1.0805426
0.6341943,-0.009040514
1.3256519,-1.6926076
-1.2247432,0.6529759
-0.74669147,-0.55270094
0.4285795,0.67528015
-0.08545729,-0.82763755
0.79326564,-1.1552156
-0.1936553,0.039141007
0.16654259,0.40278557
-0.8569294,-0.65361255
0.9810439,-0.52873737
0.2574875,-0.33643132
0.06412933,-0.22179632
-0.7914627,-0.30439958
-0.06016872,0.9027468
-0.5998681,-0.050817885
-0.9501516,-0.525796
-0.792536,-0.2684795
-0.34688058,-0.24862647
1.0504943,-1.7005031
-0.251838,-0.3554185
0.29796603,0.020416565
-0.90186137,-1.5047978
2.0512207,0.51017416
-0.9596398,-0.7294248
0.9144818,-1.0987281
-0.09836003,-0.237366
1.04208,0.11967522
-1.1928368,-0.38077453
0.7453705,0.30503502
-0.90501356,0.56211257
-0.14143617,0.20104563
-0.4744299,0.20697857
0.23386446,-0.9937322
0.8273422,0.10647546
-0.4736329,-0.7744
0.33207223,0.59305817
-0.22195958,0.045918632
0.6012427,0.4548891
0.24713594,1.0939621
0.21692976,-0.3790326
-0.8339843,0.20742644
0.3717598,0.972011
0.014543504,-1.1904281
-0.35393602,-0.5933422
0.500948,0.8502588
0.17670314,-0.20720282
0.62966037,-0.27573243
0.04270067,0.14782272
-1.4035418,-0.35738578
-0.994429,0.7072919
0.52636296,-0.38684925
-1.0083903,-1.1536368
-0.03710005,0.14703679
-0.8959074,0.6457426
-1.0156589,-0.985612
-0.33474866,-0.073901005
-1.0151422,-0.27901733
-1.0799234,-0.049693648
-0.75641227,-0.56940615
-1.3021803,-1.5109763
0.26977262,0.42637345
0.27655277,-0.8169151
0.60174286,0.8617955
-1.6423234,0.5215528
-0.48374218,0.99657744
0.46032074,0.39010352
-0.83944666,0.6797315
0.8349315,0.556713
-0.18908346,0.3563144
0.57196254,-0.5499805
-0.9668462,-0.8126097
0.062206794,0.0066439416
0.51646423,-0.9140664
0.22348872,-0.2007427
0.15338764,-0.26834655
-0.56041354,-0.016997626
-0.5040447,-0.27719656
-1.3992264,0.43011492
0.30574688,-1.1356702
0.23508988,-0.68385553
-1.5906253,1.0386976
-0.41142255,0.24528979
0.18799609,-0.8989534
0.13616166,0.2754572
0.25986144,-0.4253476
0.99100095,0.8384429
-0.32623112,0.8839223
-0.92801625,-0.6654887
0.095879294,-0.5893062
0.3912626,-0.16881832
-0.52861583,-0.75028837
-0.61677927,-0.10815855
1.380645,0.08225007
-0.29770386,-1.3503981
0.2829556,-0.7404516
0.5555211,0.3987979
-1.2830367,-0.71653575
0.66283876,-0.20973271
-0.4091017,0.43284234
0.0012254532,1.1656643
1.5959508,-0.09460146
0.92554235,1.0411654
-0.3484459,1.0727001
0.581228,0.25530317
0.36259946,1.1266696
0.17387861,-0.92880774
0.48841265,-0.030946748
0.6903457,-0.4416516
0.22007343,-0.31088465
0.24969558,0.07176093
0.10070908,-0.43579116
-0.3950657,-0.5418353
-0.9485208,0.98839074
0.0026178102,0.16660562
-0.10074058,-0.096714355
-0.6588818,0.3894886
0.7773828,0.0171393
0.3777402,0.22562374
0.35621116,-0.038543
-0.80524385,0.19043727
-0.3183473,0.15993029
-0.24156825,-0.024571532
0.42918938,-0.39813986
0.08090888,0.41036308
-0.62401575,0.36827275
-0.36171874,0.37301475
-0.5224428,-1.0574881
-0.023467282,0.78715837
0.6001911,1.7703536
-1.1143116,0.7970817
-0.5596193,0.8489854
0.68107396,-0.23335502
-1.1747116,0.2099809
-0.12926888,0.6288875
-0.57188237,0.45652297
0.084684186,-1.7116998
-0.7138821,-0.7724464
-0.05498143,-0.39188915
0.0028286208,-0.30820668
-0.056264814,0.056879867
-0.28726247,-0.613105
0.16797234,-0.51367706
0.8276721,0.89137214
-0.0047914046,0.4122708
-0.53479195,-0.024304904
-0.24141319,0.43638977
0.74554104,-0.13844523
-1.0060904,0.64636636
0.21773927,-0.14628963
-0.5013791,-0.0010844992
0.910359,-1.5767599
-0.72269505,0.25280833
0.34990716,-0.50834066
-0.30443132,-0.27793103
-0.567406,-0.13778721
0.41621587,-0.5047994
-0.10242899,-0.25683856
0.25474674,0.37706542
-1.4679272,0.718722
-0.7950883,0.01550284
0.6221793,0.4055782
0.6116492,0.9818542
-0.86948735,0.5036497
0.67626643,0.86400634
-0.13897751,-0.32201472
0.86293143,0.6617514
0.4166799,0.2957673
-0.39381233,-0.15313888
-0.09596916,-0.044310756
-0.35461238,0.7373229
-0.9014385,-1.3423927
-0.51675826,-0.023746867
0.6188938,-1.031465
-0.0057857414,0.702443
0.49420556,0.84603554
0.83120906,-0.2452919
0.24305439,-1.1390718
-1.7131337,0.8197431
-0.1288371,-0.5189804
-0.26499438,0.0007403826
-0.062893614,0.25944304
-1.3596612,-0.051350266
-0.35558766,-0.77410823
-1.2273749,-0.5575062
-0.42763355,-0.098267384
-0.04655554,1.6410787
-1.317582,0.15155219
0.0677011,0.36193526
-0.67282605,0.73224944
0.42237505,0.8205536
-0.21099272,-0.9413488
-0.5074139,0.17598705
0.56447196,-1.3353674
-0.9441912,0.4562229
1.0868632,-0.38129058
-0.9481147,0.12419267
0.24246384,0.7326386
0.15055469,-0.39939812
-0.8370627,-0.14975141
-1.0197548,-0.9477353
1.0893213,0.701407
-0.20536979,0.07128348
-1.0853652,0.15812728
1.4138173,0.3667974
0.6473363,1.4816905
0.25052446,-0.4035377
0.9051229,-0.13908671
-0.48360875,-1.1097267
0.29058903,-0.6007833
0.61774683,0.9319264
-1.1608653,-0.9336693
-0.1881669,-0.29420352
0.17298168,0.049645897
-0.6600336,0.44262415
-0.094891414,-1.5085801
0.8948906,0.20950496
0.80913734,0.22200407
0.0063360846,-0.5228435
-1.7076862,-1.0542237
-0.18561523,0.0054847635
-0.036301777,-0.7158851
-0.2542253,-0.9641705
-0.0500766,1.2508283
0.51993525,0.25958014
-1.002177,-0.13169809
0.84691906,-0.11192494
0.3061852,0.28007936
0.67875206,0.25005776
-0.78676814,-0.019938022
-0.39278767,0.7643384
0.65963626,-0.052840427
0.119602054,-0.20770763
-0.91327244,-0.45018524
0.48589143,0.18838023
-0.13696893,0.7613776
0.63425815,0.73904467
-0.24746068,0.16012825
0.5310943,-0.15776241
0.7591673,-0.09702422
-0.29613632,0.8630451
-0.31753963,0.08431418
0.22607324,-2.1320047
-0.6233536,-0.19282332
0.37223777,0.9474311
-0.08996601,1.2653916
0.5246374,0.61550957
-0.3422943,0.1338787
-0.2819997,-0.11577675
0.8667764,0.35736465
0.46167216,-1.4597259
0.95192665,-0.1877903
-0.17227301,1.2940743
-0.81481093,-1.0000751
-0.5766553,0.7000458
-0.19519456,-0.4908916
0.4090471,0.6290389
-0.04610204,0.5264569
-0.6962322,-0.2817489
0.2742463,0.29471868
-0.6345297,0.7069972
0.32841533,-0.17475648
0.07322337,1.2611743
0.21272188,0.40332767
0.02903001,-0.13635941
-0.34887263,-0.50007296
0.15004854,-0.5462069
0.13851023,1.2621639
0.5689403,-0.09556185
-0.027143719,0.45795798
0.6574492,-0.32813507
0.01710574,-1.3637239
-0.37694144,-0.48722175
1.0814455,-0.4359107
0.45430756,-0.74971396
-0.23828967,-0.76056904
-0.95285076,-0.56199545
1.1619121,0.5968406
1.0671226,-0.0037821815
0.5067474,0.5814949
-0.055621833,-0.18409166
-0.3721832,1.1685678
-0.71923923,-0.40409756
1.0123334,-0.20854715
0.8819792,-0.031042123
-0.5823277,-0.52260613
0.6697249,0.24475735
0.5285073,-0.38928112
0.23436706,0.67007
0.3618456,0.6878103
0.73575526,-0.8370902
-0.91556287,0.22964522
0.7941588,-0.73482245
0.16069402,1.6196414
-0.8249711,0.275423
-0.86860734,0.041759636
-0.729691,0.7422925
-0.71451277,-0.930138
0.5340709,0.089739166
0.91836506,0.9775843
0.25181988,0.46903598
0.77119184,1.0072986
-0.7249099,-0.2596378
0.25249475,-0.76352024
0.8219013,0.28343883
-0.4468475,0.48222825
-0.8356094,0.28796184
-0.25350145,-0.1264491
-0.15982908,0.5424294
-0.031201996,-0.67612666
0.21547069,-0.107951015
0.055357285,-1.2029712
-0.5378971,0.09899633
0.9772426,-0.13085736
-0.52389646,0.8136402
-0.8623948,0.57029384
0.12348838,0.34137383
-0.6450574,0.9287309
-0.22445154,1.0904154
-0.054495394,0.44575977
1.0941786,-0.93966496
0.24167992,0.5345914
-0.6348053,-0.5984091
-0.6043998,-0.26301816
0.05471374,-0.43757653
0.2182637,0.041408043
0.5406509,-0.5448623
1.1849025,1.2387197
0.3158743,0.26223177
0.121084005,-0.4588631
0.17061563,0.6289535
0.5865743,-0.82034636
0.712295,0.30770996
0.050146624,0.15507655
0.23889783,0.38087007
-0.34286094,-0.36970735
0.33912453,1.22029
0.7053293,-0.7479388
0.05173144,0.56902266
0.0956598,0.15794979
-0.30777335,0.840626
-0.6395026,-0.51064247
1.2892294,0.006853656
0.40416184,0.77187806
0.39973843,-0.040424097
-0.44154197,-0.46567258
0.35168785,0.23204646
1.0465854,1.5017558
-0.066769935,-0.5204039
-0.62559247,-0.6897826
0.07493145,-0.06691303
-0.55185646,0.21249469
-0.34185392,-0.25483525
0.22717541,-0.92983794
0.11247691,-1.2802002
0.93018824,-0.04493913
-0.23052461,-0.4275891
0.025268152,-0.31842613
1.5260258,-0.6145575
-0.85779065,-0.025462752
0.32934672,-0.39751595
0.45749363,0.71989334
-0.19832501,0.7458104
-0.19014968,-0.5372273
0.962718,-0.9232422
1.2100846,0.4636888
0.35301235,0.72214484
0.21839684,-0.9231595
-0.9479325,0.75528735
-0.10670682,-1.3909253
0.5977036,-0.14535749
-1.0513661,-1.1391156
-1.9547358,-0.4501497
0.6569863,0.6613574
0.8143392,1.1303669
0.4461928,1.3890525
0.2027085,-0.73021
-0.6754139,-0.07007323
0.20328918,-0.17304012
0.9786363,-0.5161719
0.32399312,0.40725476
0.08902838,-0.118896596
1.0736067,0.5155224
-0.999823,-0.29104352
0.35783303,-0.9010622
-0.3351076,0.5698889
-0.05751699,-0.35062107
-1.0643473,0.31190118
1.096838,0.6876961
-0.76495886,-0.5156735
-0.04058057,-0.09591542
-0.8164408,-0.47295693
0.2219738,0.4267292
0.9186614,0.70812714
-0.06339434,0.24247772
-0.16096565,0.7124074
0.9086314,0.7897422
-0.88589466,-0.31428254
0.93748605,-1.2665483
-0.083947785,0.810604
0.41480273,-0.42368588
-0.5793269,-0.79498386
-0.40145886,0.20370226
-0.19732034,-0.6414438
0.30058652,0.9041582
-0.5191769,0.038444113
0.21273245,1.5513077
0.21802552,-0.74934536
1.3570586,0.42027974
0.07329055,-0.15763992
-0.0836454,-0.29645112
-0.26594055,-1.2455403
0.0066675832,-1.4936495
-0.43782833,-0.41633126
0.2513612,-0.07921861
-0.19310431,0.4177031
-0.75807905,0.08199937
-1.3843735,-0.77775013
-0.113941304,1.266808
-1.3203676,-0.42108694
0.56081855,-0.1605091
0.7699913,0.5645216
1.6187805,-1.095255
0.7942098,0.6202318
-0.43777642,0.96469826
0.19203617,-0.98545617
0.42876214,-1.3047696
-0.20960882,-0.70948964
0.68992853,0.3465112
-0.56673616,0.75436264
0.8385598,0.49778345
-0.8848293,0.12157244
0.3901888,-0.3135547
-0.2642944,0.35351735
-0.33831283,-0.5053054
-0.29169306,0.51004815
1.383734,0.8310344
-0.96755415,0.10915143
-1.0848993,1.2092888
-0.57656515,-0.48792386
-0.35837775,0.09558341
0.44066343,0.2112916
-0.71683896,-0.39879408
-0.17869715,-0.43987787
0.20252278,-0.04520059
0.70614123,2.2102807
-0.12671213,1.0247284
0.22497326,0.3023229
-1.287947,-0.32704762
0.59405434,-0.49732375
0.4750349,-0.43887007
0.25616413,0.6172312
-0.072804786,0.83069444
-0.7419257,0.21503644
-0.5015029,-0.06139132
0.43671063,-0.44645873
-0.7882552,-1.2906845
-0.2945533,-1.9280934
-0.06322971,-0.54537886
0.8875239,-1.4669892
-0.5712529,0.6677657
-1.1761891,-0.74401575
-0.97692376,-0.5769028
0.42778748,0.01579062
0.93107724,0.26727214
-0.896358,-0.35389045
0.34294912,-0.6156441
1.1542473,0.34451804
0.12954508,-0.70740074
1.7869078,-0.031875692
0.64482313,-0.9349386
1.3308358,-1.2423267
0.051067147,0.039792385
-0.46354055,0.8403461
-0.21439594,-0.40665245
0.8180419,-0.18370752
0.9263326,1.4184453
-1.5263697,-1.8048922
-0.9546303,0.024558824
0.09127176,0.48730072
-0.38293728,-0.021470422
0.5588876,-0.7962634
1.2275717,1.4727833
0.009803551,0.43649194
0.35953137,-0.52066183
0.27019265,0.8837672
0.82957995,-0.7937705
-0.5665498,0.2978055
0.30726722,-0.7535349
0.5075452,-0.8662185
0.47324848,0.29832178
-0.6737925,0.16407537
-0.23659785,0.9398729
-0.0048512723,0.058471918
-0.20841698,1.1765399
1.0250126,-0.015513585
-0.11186731,0.61550844
-0.9987615,1.5881834
1.4084225,-0.5397332
0.44668442,0.38154233
-0.2230349,-1.0774189
-1.5469141,-1.350245
-1.3660753,0.112107195
-1.1217935,0.5404171
0.8285452,-0.3335572
-0.7970979,-0.66959023
-0.66450715,0.4971641
0.10153363,-0.53222364
-0.0566672,1.0786904
0.5703566,-1.2877351
0.12568338,0.44238594
-0.06454518,-0.6505579
0.32768646,-0.020999948
1.3022772,-0.39643613
-0.21112312,0.06701377
0.2797681,0.19365282
1.6857245,-1.0218817
-0.16176316,0.11988462
0.19877008,0.17875329
0.8649968,-0.6788826
1.2807363,-0.6127372
-0.40192878,-0.6733993
-0.21142115,-0.052991617
-1.3965383,0.5500448
0.3601163,0.45705494
-0.16288981,0.6460912
0.92093426,0.53857684
-0.43493146,-0.024816439
-0.07612494,0.09120221
-0.087909184,-0.42848644
-0.45037174,1.1615446
0.8782455,0.77911884
0.88194025,-0.9459101
0.66517985,0.09181302
0.26082495,-0.65968865
0.5757857,-1.567594
0.23488249,-0.5842957
0.7536638,-0.22061832
0.54935646,0.07972615
0.072523355,-0.9071498
0.70313966,0.77753615
0.5875376,-1.2840968
-0.96422905,-0.29138285
-0.8205845,0.5021548
0.3769407,-0.45563155
-0.6451183,-0.66533166
-0.7163345,-1.4220074
0.80001414,0.40087616
-0.2252043,-0.85487235
-0.34171462,-0.116187476
1.1646537,0.42021593
-0.875629,1.1088098
0.39458174,1.1858499
-0.72226065,-0.45463148
0.6301696,0.72059375
-0.38450858,-0.63407314
0.060850877,-0.05895839
0.5757972,-0.5836382
0.045460433,0.71186703
0.90589774,-0.53055656
-0.4551814,-0.617323
0.086630285,-0.6187989
-0.72593296,-0.91300315
-1.4215975,-0.26089236
0.52696174,-1.3348464
-0.7071509,-1.0645665
-0.22087663,0.24470344
0.8259364,-0.14662729
-0.10983396,0.16773239
0.040278696,1.4443737
0.32055154,-0.09535314
-0.9035938,0.14787933
0.54167014,-0.5593169
0.35782728,-0.10884596
0.13546336,0.104323
0.6829722,0.45374864
-0.9029245,-0.033608362
-0.43852612,0.014266736
-0.26538974,0.06452256
-0.19285269,-0.78932774
-0.08288412,-0.80455923
0.31349307,1.1328913
0.5378586,-0.1751785
-0.15488203,-1.0429957
-0.38098282,0.9261437
-0.005930097,1.5955073
0.20823826,-0.03165534
0.40823117,1.0763826
-0.7613942,0.064434715
-0.06798379,0.63209516
0.2568705,1.1045704
-0.4299561,1.035918
1.738688,-0.1342599
-2.2240896,-1.0676296
0.80983806,0.91989934
-0.5263124,0.39177868
-0.5735849,-0.067911364
-0.29308522,1.1286948
0.21840802,0.611683
0.106059104,0.95293623
0.49783638,-0.45735642
0.55983585,-0.7965835
0.025599796,-0.35048687
0.7392159,0.16079041
-1.7171017,1.8943063
-0.69963026,-0.09047052
-0.49239886,-0.19303618
-0.3579841,-1.2826444
-0.776521,0.42028388
0.36821112,0.23197997
-0.29427955,0.29910102
0.098164245,0.32659298
-0.23950548,-0.5580299
0.19444354,0.7263006
-0.50708574,0.9451941
0.93003374,0.5406971
-1.057809,-0.93576914
-0.20362744,0.21463804
0.33410788,0.68398553
0.0117253745,-0.9543657
-0.36746332,-0.3357636
-1.7431965,-1.2820143
-0.38774112,-0.29491195
-0.4780532,-0.41801462
-0.69543564,-0.4961547
-0.15775901,-0.41592687
-0.19129658,0.66282934
2.1529367,2.0952082
1.6363236,-0.18480368
-0.3848004,0.47662303
-1.1083379,0.7568349
1.67074,0.50135773
0.74584,-0.2157417
-0.2747149,0.193268
-0.8879349,-0.75938255
-0.61770386,-0.08909904
0.7834736,-0.3812579
-0.58688384,0.03421295
0.6177593,-0.9163154
0.19971229,0.09943175
0.2062813,1.1930765
0.49003235,-1.5340929
-1.1730405,-0.41719165
-0.27796137,0.46799874
0.014473867,0.23985608
-0.6730934,-0.61624134
-0.2287806,-0.14059024
0.1526799,-0.021438548
-0.14776431,-0.14840871
-1.0532675,0.15167889
0.232243,0.14886406
-0.6559277,-0.9989407
1.0007823,0.9117034
-0.7370328,1.2507125
-0.96030855,-0.70280755
1.0759364,-0.9001211
-1.2727007,0.69525516
0.40835327,-0.29110968
-0.34997955,-0.70741
-0.3520768,0.10558543
0.19077218,0.047002204
0.8988902,-0.054221544
0.51475424,0.23675045
0.7417233,0.52330935
1.7242125,-0.29983038
-1.07953,0.029167602
0.2949226,0.77445596
0.4463982,-0.83503693
-1.2046369,-1.0296793
-1.3364325,-0.23348841
0.22734094,-0.23870012
0.62152696,0.81399053
0.54307914,0.40225136
0.1799762,0.52905774
-1.6506101,-0.72637254
0.29511094,-0.06027309
-0.6767545,0.041604128
0.72008836,-0.45294073
-0.06972265,-0.14432256
-0.54858756,0.07390846
-0.41239917,-0.41619554
-0.21475114,-1.7131989
0.5435439,0.36144313
-0.59734714,0.7161693
-0.369352,0.070038036
0.35588306,0.56072384
0.55934924,-0.03800393
-1.1966453,0.22115442
-0.8678969,-0.098478734
1.0138526,0.07188726
-0.45978338,-1.6201931
0.609814,0.34493372
0.7784261,0.68210167
0.3579782,0.9457442
-1.0531996,0.6182966
0.9819329,0.8439415
-1.9844072,0.11396755
0.46461922,-1.3842379
-0.095098026,0.26436555
1.1558986,0.4618006
0.7797973,-0.1449802
0.7693092,1.3796687
0.96125114,0.8087618
-0.021829063,0.43078637
-0.7849936,0.16166356
-0.50000286,0.38933495
0.7291909,-1.2116282
0.06427111,1.2852799
-0.40988463,1.3205186
0.647035,-0.01952127
0.2721135,0.6436163
-0.2681071,-0.42723277
-0.40818444,0.2151184
0.89262956,0.9125059
0.25904632,-0.009799904
0.77886367,0.2922907
-0.21055472,-0.049233466
-0.36864743,0.12229009
-0.070809014,0.082578085
-0.5486595,-0.06999913
-0.2760451,-0.13260801
0.41617063,0.22591299
-0.016775608,0.37622043
-0.095227286,0.5816768
-0.8463872,-1.10813
-1.2061173,-0.21180657
-0.36280543,-0.89307135
0.5162361,-0.016199427
0.49660632,-0.53360593
0.6500315,0.54674447
0.21708655,0.0068931403
-0.011213475,0.59484744
-0.5057373,0.36969024
-0.5593626,0.529355
0.06351039,0.6220182
-0.7819163,-0.97880834
-0.5621406,0.025251133
0.5495135,-0.6128716
-0.19560006,-0.028402258
-0.08922392,0.036955804
1.0465513,-0.63405657
0.12235185,0.110744126
-0.7331818,-0.09860851
0.56167084,-0.5129464
-0.6275121,-0.8940015
0.33913594,1.1006917
0.4380386,-0.52165127
-0.66556835,-0.6972418
-0.61303115,1.9652356
0.5536545,-1.4512864
-0.5684336,-1.5406088
0.48722947,-0.6711211
-0.665256,-0.5016822
-1.2705317,-1.5738435
0.39501116,-0.113619
-1.065528,-0.43309286
0.13755447,-0.217186
-0.22895932,-0.36016187
0.740998,-0.20725988
-0.43873307,-0.23789541
0.35531846,-0.3099586
-0.2541664,2.3165364
-0.018004203,1.0040382
0.43448514,-0.28956756
-0.009148977,-0.08140346
0.22229628,-0.32631275
-1.3350036,0.47232956
1.021786,0.075559445
0.44431803,-0.089940265
0.66883373,0.1743628
-0.8974764,-0.7187389
0.1646752,0.27546135
0.13694708,-0.8469438
-0.8785681,-0.45075712
-0.03401661,0.024566967
0.123649456,-0.078369685
0.89644814,1.3177799
-0.10228461,0.17218176
0.14159249,0.9634534
-1.2096665,0.6901739
-0.4955154,0.7892788
-0.52445537,-1.4610295
0.37554377,0.23795606
-0.047702927,-0.5855801
0.1207743,1.1024761
-0.8216356,1.1932726
0.66527086,-0.34726992
-0.55596024,-1.3649156
0.16560785,0.18913738
-1.1012685,-0.011460301
0.45715222,-0.08053412
0.8605375,-0.49214372
-0.9380345,-0.63590807
-0.017511811,0.4047838
1.6502379,-0.65425247
-0.88541746,-0.560647
-0.5278254,0.47882643
0.07310825,0.15474643
0.4857764,-1.3339651
-0.21628986,0.07272062
1.2490155,0.7916387
1.4114003,-0.27330336
1.29177,0.16369963
-1.4734291,-0.105428904
-0.19061464,-0.1550411
-0.15024772,-0.696135
0.3657522,-0.6006202
-0.13824987,0.31158853
0.36319864,0.56756
0.021005437,1.040027
1.8526535,0.42806074
0.45763302,0.41766584
-0.21635753,-1.1179161
0.40982658,-0.25276494
0.5743935,-0.7718643
-0.27441725,0.45549482
-0.60328424,-0.29968283
-0.65682054,-0.5250294
-0.25218353,0.32012397
-0.5544755,0.98105264
-0.72166556,0.017685108
1.1677823,-0.04982927
-0.46829915,-0.03649845
0.80728155,-0.7303721
-0.9356497,0.08559846
-0.5320694,0.5585072
-0.18765701,0.7481624
0.504165,-0.4533191
0.025019608,-0.44897884
0.5623288,-0.06471394
-0.24761035,-0.111625195
-0.0978872,0.24382763
0.028712668,1.7576562
0.67098075,-0.24206686
-0.10323709,0.77151984
0.30329382,-0.56230366
-0.6511505,0.16077259
0.24118894,-0.352472
-0.8108646,0.0728413
0.86257374,-0.5078642
0.084893994,-0.08793722
-0.24816595,1.0300523
0.06669367,0.40416571
0.4335288,-0.62079144
-0.30662274,-0.02522113
-0.6027289,-0.12750508
0.50164205,-0.8029678
-0.20696662,-0.042605907
-0.8803252,-0.029747691
-0.44637233,0.76786965
-1.2835752,0.0039912676
0.20357776,-1.3174802
-0.76371014,-0.29174787
-0.10864642,1.725494
0.16961016,-0.5590499
-0.7414911,0.31189945
0.6709243,-0.09432316
-0.17131025,-0.051091466
-0.36202088,1.0196422
0.15224563,-0.61967325
-0.83422464,0.7585809
0.41206625,0.550847
0.41403624,1.073417
0.15097691,0.6495123
0.6117467,-0.040053144
0.7661404,-0.99152714
0.33525538,0.990003
-0.2422252,-0.88829803
0.116537616,-0.69366634
0.2437362,-0.08486833
-0.17079291,1.0046897
0.5396097,0.00915523
0.17280428,-0.21609159
-1.704887,1.192073
-1.2326927,0.09922842
0.47077152,0.15030386
-0.1278305,-0.09471523
-0.3507241,-0.43158746
-0.5056009,-1.5589763
0.16783018,0.28184146
-1.5927199,-0.5033644
-0.048771758,0.34041387
0.64708865,-1.141816
-0.27430892,-0.1153707
0.25582278,0.03192509
-0.23539789,-0.16686615
1.0020685,0.15629779
0.79534614,0.8764935
1.4225209,-0.31735224
0.23564158,-0.60850006
-0.5908311,-0.56637716
-1.1331493,0.63005865
-1.0401505,0.7567964
0.18256697,-0.0584624
0.2767933,-0.7592494
-0.13802785,0.13785243
0.18186991,-0.91126895
0.4545427,-0.107957564
0.20710155,-0.061152104
-0.14899538,0.0044466844
-0.263471,1.2285677
2.0768695,1.2939944
0.57803196,0.5120994
0.8964331,-0.42655107
-0.22043718,0.24918431
-0.6286408,-0.18319048
-0.9157481,-0.6068802
0.66090095,-0.3866236
0.6042822,0.21742673
-0.22320299,0.04543154
-0.25721967,-1.2196358
-0.22544728,0.9098603
-0.53466904,0.0038102202
0.27111894,0.1335258
0.17169742,0.18122174
0.7131189,-0.20121256
-0.44815943,-0.59910774
0.55026805,-1.5823888
0.67613184,0.66710186
-0.84390336,0.21941665
-0.7703406,0.15562342
0.038499106,0.06731005
-0.37692416,0.24004194
-0.28539914,-0.7006089
1.2729813,-0.34781203
-1.2126219,1.142188
0.87460375,0.701376
0.46830937,0.411161
0.8097183,-0.21995717
0.28658876,-0.8463066
0.15639,0.5780652
-0.41172528,-0.4759415
-0.1155402,-0.2648722
0.033605397,-0.70840675
-0.7876236,-0.43586984
-0.31708637,-0.15275078
-0.7354624,0.3471565
0.4819267,0.0539553
0.48484197,-0.7075469
-0.78912866,-0.46462357
-1.5304673,-0.36798498
-0.74770176,0.1615083
-0.9561854,-0.14496426
0.39531448,0.45008257
0.45592254,-1.1291026
0.19560823,-0.17772302
0.39640537,-1.086375
0.10856439,-1.256056
-0.33411527,0.005893123
0.40471414,0.35594013
0.33878818,0.5967294
-0.19566147,-0.4720325
0.99929124,-0.5929732
0.6683881,-0.030443318
-1.8957176,1.3201687
-0.73670614,-0.8693769
0.117626786,-0.99252266
-0.7124744,0.8078415
-0.7806269,-0.49225187
-0.47016865,-0.36473748
0.5544442,0.32413635
-0.7607425,-0.64457697
0.055443443,-0.30569038
-0.6890363,-0.35691702
1.394141,0.26808226
-0.24398106,-0.2744271
0.067275666,1.5705183
-0.76198447,-1.1551965
0.42914134,-1.0520532
-0.62312174,-0.08879924
0.674525,0.2803541
0.3671587,-1.5042126
-0.015235259,-0.37604013
0.77562195,0.9910787
0.8752279,-0.9636929
-0.27337146,-0.7117253
1.1105343,0.8412409
0.2222869,-1.0663278
-0.51733893,0.18527775
-0.5713287,0.16691443
-0.22498097,0.39196527
-1.0592977,0.62151754
1.4179293,-1.0015523
-0.66952,-0.23944145
-0.3651698,1.6954703
0.10818741,-0.21558611
0.28646323,-0.12563835
0.61742723,-0.2062162
0.34631336,-1.2312781
-0.7266483,-0.34439263
-0.69545627,0.44339955
-0.6355336,-1.6792176
-0.5471371,0.035044037
-0.21175565,0.5176702
-0.7990462,-0.17776468
-1.0051041,1.209579
0.011355931,-0.08371308
-0.76276696,-0.008651335
0.7320897,0.49992695
-0.38892365,1.2315508
0.17879988,-0.56023836
0.13022172,-0.33660483
0.1981591,0.56819457
-1.0397369,-0.45416623
1.2794409,0.7610785
-0.35595837,-0.30886593
0.0741623,1.2139332
0.5811795,-0.38053837
1.4480897,0.03436354
-0.80710584,0.56119466
0.014635958,-0.65953606
0.3123302,0.013482677
0.41476318,-0.68416256
0.14034358,0.30487466
-0.53164136,-0.5960142
0.40762654,-0.18753102
-0.29304346,-0.11580453
-1.3683987,1.2078589
-0.62267554,0.54337406
-0.16896895,0.03860601
0.40095747,0.024801217
0.14534,-0.6107946
0.25721925,-0.42199862
0.14096709,-1.0008932
0.5078039,-0.5739521
0.49087274,0.14363499
0.3782979,0.014627806
-0.08652719,0.1864699
-0.22117153,-0.38492632
-1.1545804,0.74310064
0.2796223,-0.127232
-0.3319253,-0.19002898
0.73535544,0.017985826
0.087991685,0.20676243
-1.0836002,0.57695174
0.45057032,-0.0682572
-0.41521803,0.4712912
0.89016426,-0.49292892
0.031897224,1.2650499
0.4345508,0.042441525
0.5127248,-0.46258864
0.23726211,-0.22330907
0.3179583,0.66365695
-0.19677384,-0.73504525
0.7575049,-0.175067
0.48530403,0.424611
-0.39076963,-0.76904863
0.078777835,0.33250707
-1.7043235,0.23492037
0.03900105,-0.74824136
1.218939,-0.5490859
0.2073862,-0.8174083
-0.74406034,-1.0114332
0.11261424,1.1310353
-0.63108754,0.8066382
1.1106634,0.16921128
0.30295214,0.42177963
-0.042031005,0.29467776
-0.23863955,-1.0383617
-0.3723021,1.1889541
0.55060965,0.78034425
0.007416875,0.9590715
0.3813743,-0.66899323
-0.27838644,-0.9316432
0.26674435,0.8928701
-0.38859653,0.6605971
0.70396966,0.9988951
1.7880092,1.1841768
-0.8048569,0.5694332
-0.74547154,-0.8510055
-0.12157794,-0.5406081
-1.284318,-0.13345605
-0.38983318,0.43800735
0.16677763,0.69887036
0.83271897,-0.67280674
0.8147552,0.007886176
-2.054941,0.5538659
-0.021476716,-1.8018703
0.38615754,0.21817331
-1.0836724,0.3295372
0.63229495,1.1519644
0.17664817,0.21148232
-1.0283401,-0.102376275
0.67604846,-0.10316936
0.3654595,-0.86506146
-0.95195794,-0.028937187
0.28698903,-0.19253562
-0.9252972,-0.3699769
-0.8146718,-0.99810195
-0.49112824,0.42650858
1.1952269,1.339948
-0.91321033,-1.4554936
0.81117827,0.47690296
1.3415841,-0.8789421
-0.32552537,-0.28671172
0.024942359,-0.21051309
2.2573435,0.8782415
0.5523008,0.34814706
-0.1582787,-0.69453895
0.4352717,0.06393373
0.8414176,-0.054980334
0.44959804,-0.9590523
-0.22631323,-0.03894221
-0.22153936,1.2434714
-0.3817577,-0.94079584
-0.64094377,-0.9162652
-1.2788869,1.1051668
0.20217142,0.28983214
1.0644363,0.98776895
-0.088048086,1.3995692
-0.7072808,-0.2861732
0.33853227,0.9503213
0.9379759,-0.052911464
0.7619122,-0.29955503
-0.005921416,-0.5562384
0.13203004,-0.5896752
1.1690942,-0.13206778
0.4178615,-0.33514568
0.3833342,-0.083153576
-1.2012137,0.15102561
0.32468647,1.1278685
-1.1241859,0.003097984
0.103510305,0.05276678
0.17996009,0.4505197
-0.25559887,0.26935986
-0.32054973,0.97233236
0.14762625,0.034104854
0.6217385,0.18037927
0.024001766,-1.5098271
-1.0782228,0.45853832
1.1464956,0.68149763
0.97745645,0.50546294
1.4509058,-0.1071251
-0.81278586,-0.013784868
0.17300105,0.61096686
-0.92100155,0.42273706
0.76957893,-0.34925538
0.7045374,-0.28836796
0.12185084,0.08628265
-0.8546704,0.1256623
-0.06165551,-0.5264622
0.09383769,-0.40491056
-0.5971528,0.52917874
-0.934782,0.28577408
-0.28811044,-0.12559299
1.1704087,0.09747555
1.2127497,0.36677822
0.05586176,0.21835522
-0.080538735,-0.071657225
-0.85886294,-0.34020677
-1.6403786,0.49982116
0.3255396,-0.33296567
-0.073366925,0.7172281
0.8771618,-1.8496908
-0.5888628,0.56330955
0.6005066,0.41028625
-0.61209553,0.22430581
0.13606977,-1.3575588
1.3214902,-0.70260376
-2.0555787,0.48193395
0.54074484,0.31474185
1.7844203,0.30266026
-0.5826826,-0.096825615
0.80724365,0.4380613
-0.015470341,-0.6339006
-0.6920007,-0.24859603
0.9393781,-0.06468404
-1.0963947,1.165816
0.39624378,-0.88184965
0.40221336,-0.5147436
-0.17567731,-0.68823594
0.017195929,-1.2167891
0.8104536,-0.34843165
0.8982449,-0.8216352
0.17452222,-0.11469489
-0.50806147,0.36676183
-0.70987093,1.2305583
0.8136305,0.46614152
-0.2815828,-0.3502456
1.8743312,0.65534854
0.41591087,-0.6463207
1.7208688,-1.2461774
-0.24287522,-0.5935108
-0.25870052,-0.24720918
0.5902114,-0.3195931
-1.017785,-0.14166458
0.11837719,0.81066316
-0.116886355,0.4617749
-0.43227816,0.19883755
-0.23403428,-0.36638513
0.66065377,0.31662187
-0.08826293,-0.0075287772
-1.0507458,1.6187968
0.10591625,0.22695357
0.840486,0.36272392
0.4084646,-0.34548798
0.95488757,-1.0700736
-1.1135104,-0.47358647
0.48869264,0.08546859
-1.5683738,-0.5467993
0.2714276,0.047549788
-0.15522958,-0.25917128
-0.8612534,0.35359055
0.7478088,0.37689894
0.07620228,0.29363072
-0.032842528,-0.826946
0.435737,0.036258638
-0.26851723,0.40103832
0.16533294,0.51700544
0.47325134,0.56407624
-0.6782781,-0.96685517
1.5612712,-1.2019862
-0.120099515,0.24233346
-0.3068924,0.22155295
-1.1430478,0.11988052
-0.22785158,0.8039211
-0.31516555,0.7270763
0.93242776,0.8176861
0.50889146,-0.4483335
0.46674842,-1.0027953
-0.5203822,-0.8912172
1.2340269,-0.10213541
1.1705426,-0.32843173
0.4166741,0.63979906
-0.97101456,0.14777799
0.035536673,-0.88809574
0.42614335,0.24519202
-0.6531821,1.208376
0.5706996,0.77101856
1.2955452,1.0979613
0.39057025,-0.5708752
0.043210644,0.046341747
0.17924373,-0.64248425
-0.80683,-0.5289207
-0.6234941,0.10185784
0.6276534,0.7789259
0.3945673,-0.71893126
1.8034825,0.7949212
0.41040623,-0.419187
1.0485173,-0.7566902
0.37613198,-1.2667321
0.36228496,-0.73273706
-1.0924094,1.5142993
-0.2967004,-0.36092746
-0.83144677,-0.18593699
-0.8218762,-0.20047972
-0.7704548,0.9935575
-1.1368687,0.9858244
0.0046605114,1.3638135
-0.5903073,-0.40824112
0.09721969,0.058497712
-0.13850838,0.14339672
-0.93374,1.4900818
0.14718498,-0.51582235
-0.041065976,-1.0588379
-0.77115625,-0.97249496
1.6616546,-0.65929097
0.20993516,-0.072004646
-0.72958785,-0.32264882
0.139059,-0.4000759
-0.96940416,0.2580329
0.097187884,-0.8233523
0.28591922,0.47870535
0.5941706,-0.18167865
-0.46056578,-1.433969
-0.25427076,1.1055294
0.2175858,0.46637565
-0.53437686,0.6030187
0.03572582,-0.45667312
0.3514184,-0.014175202
-0.86660594,0.36569196
-1.2792375,0.07655348
-0.27610332,0.29958525
0.6782362,0.5080207
0.3401582,0.13605797
1.3336475,0.18560007
-0.040128604,-1.1249727
0.25083983,0.3442249
0.3420759,0.26567268
-0.07364268,1.126949
-1.066835,-0.78208435
0.2824213,0.43560883
1.4307066,0.3887077
0.3079682,-0.28967106
0.156773,1.4471929
-0.21978414,-0.20451425
-1.4378724,0.014399768
0.36342788,-0.116066106
-0.40321088,0.31373584
-0.5980322,-0.20578855
0.35881248,1.0625836
0.8271779,1.622793
-1.0183388,0.14410052
-0.077132836,0.6591848
0.12500113,0.77565116
-1.3412017,0.3160585
-0.8730353,-0.07168468
-0.039040968,0.32501596
0.73507655,-0.2463887
-0.30356196,-0.6557028
1.3626533,0.23221289
1.2983181,0.31295788
0.54715407,0.4791542
0.26547214,0.8891288
-0.9430194,1.0544653
-0.02406681,0.6134071
0.046457827,-0.3574469
-0.8336033,-0.24512517
0.2587097,0.7034909
-0.36788374,0.00494591
0.57167083,0.242249
0.87048733,-0.67667544
-0.8294875,0.7919354
1.6440606,1.3352962
0.13036986,-1.4008102
-0.76742,0.6214114
-0.8236246,-0.069289155
-0.65993446,-0.39257655
-0.30562037,1.2486979
0.75591075,-0.87520236
-0.34324598,1.1566081
-0.032549284,1.2399304
0.9073519,0.5224064
0.019643595,-0.19432428
-0.20448288,0.13728106
0.6241125,0.15263517
0.23175412,-0.73532826
-0.047155164,-0.35442793
0.38513958,-1.0038832
0.38913894,0.15628192
0.6353245,-0.42855462
-0.4635498,0.42844182
-0.0014796001,-0.07099367
-0.7106344,0.19734845
0.96933824,-0.56767505
-0.22248574,-0.94839346
0.5821773,-0.10919739
0.2515356,-0.53706527
-0.796201,0.520171
-0.60220385,0.51615596
-0.8454758,-0.09247567
0.3234097,-0.24790055
0.4191985,-0.56735146
-1.0012269,-0.4347942
-0.54743314,-0.00014964188
-0.4325561,-0.97836465
0.1902979,-0.07866075
0.5560468,0.37829572
0.482073,0.15730743
-0.51119167,0.36249274
0.3494525,1.4229114
1.2983001,-0.1437586
1.3391757,0.26077256
-1.0065839,0.29690132
0.14041677,-0.3465947
-0.3919697,1.1480935
-0.53094757,-1.0916913
0.41858205,1.4596769
-0.5315699,-0.18373416
0.14367315,-0.64816093
0.43527046,0.1628019
0.60087156,-0.80553913
0.72602427,-0.20729923
0.064502895,0.5487726
-0.26252115,-1.2941264
-0.1652517,-0.091292515
-0.00848204,0.11220707
0.086053014,1.3928995
0.17844819,-1.2226847
-0.2617935,-0.023805236
-0.65268207,0.07780004
0.20925789,0.8244033
-0.36691234,-1.5533941
-0.81895566,-0.8011152
0.13165429,0.06403136
-0.6048022,1.6614451
0.7035107,-0.62999284
0.64046437,0.35329008
-0.006620437,-0.1828878
0.09532634,0.018606441
-0.5120652,-0.22992031
-0.46314844,-1.0556344
0.28721192,0.35121953
1.9902092,-0.35661426
0.8031922,0.34715626
-0.5048469,-0.03712683
0.0646632,0.41090286
0.44628814,-0.16661617
-0.053188372,-0.117108636
-0.18731873,-0.9213427
1.201067,1.0389248
-1.1335307,-0.8164435
-0.31404984,-0.75148416
0.53887606,0.07251985
-0.17517908,1.0829787
-0.76305115,-0.11150108
-1.1583127,0.07788741
-0.056048468,0.7091589
-0.94740444,0.26454237
-0.49883366,0.34548253
-0.38153842,0.6222101
0.5707161,0.4218069
-0.5377778,0.64455396
-1.9594828,0.72784615
-1.2925905,-0.21125337
-0.7696002,-1.9843619
0.7127739,1.0505326
-0.42439127,0.12215483
0.040262017,0.05489309
-1.1791313,-0.94488466
-0.9468596,0.9311903
-0.874287,-1.407279
-0.20792413,0.51067287
0.9222461,1.149774
-0.12191298,-0.0032419972
-0.1421976,-0.37505245
0.18302046,-0.74084264
-0.5199424,0.42707083
-0.76615244,0.36514866
-1.140882,0.81968486
1.0369631,-1.0053493
-0.09802568,0.10177106
-1.1231691,0.0048346343
-0.23001802,0.21777761
-0.3456412,-1.3258349
-1.1506671,0.12951422
-0.5278929,-0.07833311
-0.047620565,-0.6679867
0.27459648,1.5288393
1.012219,0.83373755
-0.54774237,-0.12724458
-0.00226127,0.10907615
-1.0429543,0.64186233
0.090745285,1.0962639
-1.4456593,-0.2064973
-0.61510617,-1.0106628
0.30204183,0.9671863
0.36729538,0.5623983
-0.09090552,-0.443324
-0.50985783,1.5407292
0.46733278,-0.25898883
1.1590092,-0.40270624
1.6688963,-0.95592797
-0.69903797,-0.7371471
0.32535952,-0.31990615
0.11841108,1.0906868
0.2050147,-0.7420994
-0.094339155,0.18514909
0.5875328,-0.47439748
0.022200001,-0.007175542
-1.0457795,0.26371306
-0.55096346,0.46120164
-0.57674587,-1.4472686
0.20780016,-0.86479264
0.40564552,-0.11259015
0.24696505,-0.22183731
-0.77853924,-0.94100213
0.3853371,-0.8912889
-0.22865622,0.6158945
0.48292455,0.75008553
-0.35385072,-0.19280529
0.5517163,0.8991003
0.23862052,-0.005885028
0.11805562,0.091875724
0.22204953,0.28794372
-1.7205844,-0.6854638
-0.23030284,-0.25942072
-0.08871057,-0.28898525
-0.15482949,0.6512395
0.625131,-0.7573782
0.6672097,1.433494
1.1144774,-1.5283737
0.19952145,-0.47466785
0.32715935,1.4361655
-0.06504918,1.0528902
-0.13062084,-0.008237268
0.38290042,-0.48143694
0.5164109,0.55483735
-0.48431107,-1.3673421
-1.0317061,-0.48462093
-0.24422894,0.15962476
-0.1516772,-0.5405233
-0.33598948,0.67063737
0.11921568,-0.59070045
0.3115917,-0.9091261
0.43111825,0.10108592
-0.36213157,0.77815825
-0.93073356,-1.3790623
-0.52765477,-0.72014344
0.31709537,-0.9838687
-0.9257538,0.086363584
-1.1002957,-0.16330504
-1.0005177,0.022659026
-0.34989566,1.1237894
0.79684746,0.042881496
-0.75607264,-0.12394698
1.66909,0.5362561
0.4355018,-0.3887433
0.93422556,-0.17052047
-0.09892473,0.4760112
0.30474353,0.95225984
-0.21724144,-0.581243
0.6685155,0.4770481
-0.09895324,0.10027209
0.26125386,-0.05868762
-0.41727,-0.4400954
0.62088436,0.9508528
-0.47660998,-0.057347994
-0.017232101,-0.2647946
-0.7686577,0.021414416
0.12173466,0.34097594
-0.5405362,0.72534037
-0.30896607,1.0695344
0.20470244,0.54584396
-0.5456747,-0.71409637
0.30809042,-0.87239796
-1.1534263,0.36317754
-0.6417235,0.87868917
0.27943733,-1.4606204
-0.7757983,0.20484838
-0.69020116,0.7006257
0.45382312,0.46536288
-0.010245984,-0.34028107
-0.51352537,-0.01278504
-0.61457574,0.27455074
0.65959406,0.46079817
1.0280933,0.5522609
-0.9966855,-0.1847049
-0.7934487,-0.7010634
0.9227812,1.0720415
-0.7908071,1.0219223
-1.1802413,-0.245677
-1.328665,-0.7613595
0.41361463,-0.035654634
0.7019924,0.5516136
0.30519384,0.8013585
0.7648841,0.41077897
1.6248034,-1.1720017
-0.11943616,-0.23022628
-0.7341032,-1.1888435
-0.9264058,-1.046674
-1.1503485,-0.35723132
0.38493726,0.5033317
-0.0567893,0.020149844
0.5568432,-0.21892595
-1.3178301,1.057554
-0.31426075,0.56414723
1.868187,0.27017415
-0.24149567,-0.028988518
-0.2542037,0.63751084
0.1842627,0.7414353
0.04089831,0.003006934
-0.4208903,-0.574476
-0.7888568,0.3326411
-0.8253175,-0.11702338
-0.14472006,-0.090913214
0.15763856,-0.98643
0.9148917,0.7163428
-0.5910833,-0.38857394
0.7857339,-0.889276
-0.011648342,0.2743192
-1.1518271,-0.29767957
-0.31276697,-0.061410666
1.6563996,-0.49182966
-0.64238316,1.5980623
0.44726065,0.09799177
0.099372365,-0.31994924
0.74428225,-1.2350847
0.37408656,-0.15726173
0.84956044,0.36259216
0.3181668,0.8312625
0.7014034,-0.93588513
-0.55614895,1.0899158
-0.122845754,-0.39612943
0.33466396,-0.33887935
0.99276835,-0.9035524
-1.479601,0.7686289
1.4101546,-0.7569294
-1.2951008,-0.024004102
-0.35949442,0.6128765
-0.15677746,-0.036239557
0.21909022,0.20542364
0.34265813,0.43988463
-2.0196235,0.21653001
1.519416,-0.6294633
0.38060796,-0.28274268
0.3798571,-1.2453718
1.2338649,0.756467
0.7390622,0.4013114
-0.27411124,-0.19310673
0.65666825,1.1210383
0.10271672,-0.092928275
0.76708543,-0.14676648
0.4659147,-0.4794784
1.2361338,0.04686297
-0.008875908,-0.069535956
0.7602133,-0.25927785
-0.5215447,-0.34878597
0.7558096,0.12132304
1.1835488,-0.0686902
-0.2744439,-0.14431614
0.3357875,-0.3051659
-0.4176435,-0.32317308
-0.9134417,0.2872335
1.2525432,-1.2350357
-0.35101193,-0.23527592
-0.26707813,-0.5301229
-1.3126265,0.39747164
-0.36964697,0.3880904
0.77558905,-0.5380891
1.0227028,-0.17153205
-0.49317402,0.878816
-1.2184362,0.8110162
0.1925635,0.13836075
1.1752074,-0.64064723
0.44265756,0.17908049
-0.6738198,-0.12527885
0.63234687,-1.2614367
-0.10541784,-0.49201366
-0.45804814,1.1350101
-0.68797684,-0.17573024
0.106500596,0.16048208
0.18948117,-0.13651606
0.11258702,1.1928626
1.7963967,-0.7965954
0.5557294,-0.095414296
0.10845866,-0.36055717
0.13507251,0.08914492
0.37530813,-1.2560326
0.7734315,-0.59741414
1.2669883,-1.1712976
-0.17651246,-0.16399881
0.18754932,-0.381037
-0.088065244,1.0997967
-0.80446106,-0.81819636
-0.30463392,-0.39477375
0.7316076,-0.10949079
-1.0532213,0.07684777
0.45533523,0.45273548
-0.553069,-0.81131876
-1.0211608,-0.24551608
0.4352753,0.5618839
-0.060887896,0.15570644
0.027516402,-0.572276
1.4258008,0.3935577
0.19558074,-0.9514162
-0.4840535,-0.9168102
-1.0676945,-0.43641865
0.25668785,0.057196736
1.3565139,0.008743401
0.8219801,1.2930521
0.06620943,1.5137995
-0.65871406,-0.30609038
-0.66780466,1.0931723
0.2668339,-1.221165
-0.15935473,-1.1589246
-0.57192963,-0.36755022
0.93173236,0.34410918
-0.8453614,-0.19735278
1.0901423,0.11242855
-0.4052055,0.5100541
-1.0480433,-0.23424062
0.3758541,0.4657814
-0.3237799,0.32401448
-0.84587735,0.7407178
-0.08045101,-0.9790714
0.26108697,0.40222055
-0.44167754,0.33441907
0.14864416,0.031403217
0.16503163,0.651258
-0.7013974,0.554896
-1.6137928,0.2847115
0.8368215,0.18353836
-0.3580868,-1.3390756
-0.28677064,0.5192116
0.21286458,0.2123371
-0.45382127,0.036513824
0.3471361,-0.5449477
0.6093502,-0.23814821
0.0005504746,1.2164488
0.026196975,0.29903373
0.19842821,0.33945683
-0.43805686,0.24503826
0.6648125,-0.01959695
-1.0183678,-0.4004864
0.15352035,0.9758192
0.8678881,0.59090483
0.36596885,-0.6640243
0.05333723,0.46762377
0.2558659,0.26410446
-0.07433559,0.043341763
0.18594362,-0.5163412
-0.85488206,-0.5321531
0.010472476,-0.17143142
-1.2192926,-0.044883054
-0.38048583,-0.09389347
0.14304067,0.3133579
-1.0944895,-0.18846735
-1.0654922,-1.5093883
0.6692461,-0.17381737
0.03095447,1.0984484
0.12914325,-1.1066439
-1.0068294,-0.8297339
-1.4983833,-0.31441447
1.468465,0.107834145
0.9337969,-0.3975666
-1.27194,-1.4804726
0.40659973,-0.6187413
-0.6378588,-0.30615136
-0.6046247,0.6416414
-0.3490214,-0.27426156
0.23037793,-1.7220099
-0.5581905,1.3296875
-0.23296961,-1.6582271
2.0786662,-0.7995015
-0.43592983,-1.2084249
1.0213947,-0.27637222
-0.14198163,0.08355363
-1.2044085,-0.010698207
0.38212427,0.5574008
-0.5617669,0.20492648
1.0850537,0.38001832
-0.34257883,0.68401784
0.29837948,-0.010329807
0.5460376,0.5403955
-1.309322,0.74635184
-0.7629655,0.5589659
-0.55108774,0.047476772
0.33800828,-0.55087006
1.0318892,-0.12410818
0.3665377,-0.100378186
-0.2100238,-0.058065522
1.1994652,1.1836833
-0.1121041,-0.7657106
0.44586873,-0.284594
0.5570156,0.56891406
0.10397005,-0.047689766
0.71683025,0.1798572
-1.427123,-0.3207601
-0.54765934,-0.21561679
1.4037974,0.09269509
-0.6649547,0.09989639
-0.45969844,-0.13190025
0.16300227,-0.19051097
-1.3696057,-0.6298964
-0.31910858,-0.2602599
0.26692662,0.030015893
0.7824893,-0.32602346
-0.86021495,0.094988234
-1.485089,-0.9189177
0.08030373,0.6041211
0.0960669,-0.1680674
-1.3536003,0.80991715
-0.34308013,0.297939
-0.56296563,0.051040128
-0.47249758,-0.019175233
-1.1837742,1.0224739
0.9758482,-0.49935186
-0.23643564,-0.84041166
-1.0507197,1.445566
0.06136217,-0.6714601
0.20229447,0.6908484
-0.0030855397,0.5336101
1.0456283,1.0693091
-1.0033244,0.123136394
1.6146342,-0.021795385
-0.89903677,-1.1235822
0.18158576,-0.2668046
-0.2297343,-0.32715473
-0.12736288,-1.3112959
0.37316862,0.3524887
0.19748078,0.17292733
0.22176683,0.9525874
-0.6499806,-0.41951254
0.6714267,-0.2985398
0.7915414,0.5059518
-0.924738,0.4422684
-0.6023183,1.2641066
-0.7923221,-0.040474262
0.17557964,1.1689695
0.524658,-0.7609673
0.013922897,-0.9971504
-1.264054,1.4154507
1.1072841,1.0357682
-0.5911679,0.20538698
-0.44611925,-0.41655934
-0.66693616,2.0503235
-0.4619758,0.22143579
-0.3331632,-0.92083263
0.14612126,-0.5783986
0.5060134,0.56236273
0.29772648,0.5640121
1.7735898,0.92495865
0.086809374,0.3759666
0.47511467,-1.0069213
0.01472693,-1.443506
1.4800462,-0.06692578
-0.9944696,-0.59397763
0.2995347,0.5103981
-0.029589966,0.32359388
1.167523,0.26209506
0.3213416,-0.19791183
-0.82347,0.30297127
-0.1576078,-0.22759633
-1.3337084,0.52622443
0.08036431,-0.17890199
0.7976145,-0.11575244
1.0128857,1.411971
-0.3948724,0.69103104
-0.32102644,-1.6212142
0.86072785,0.73966074
0.065875694,0.4221359
-0.18479097,-0.14760244
0.49378502,-0.45327526
1.017141,-1.1545466
1.2476355,-0.4100771
-0.53367716,1.0693827
0.9134623,-0.17291437
1.0366803,-0.41665494
0.532198,0.29509708
0.8265778,-0.38700524
-1.4319713,0.783646
-0.20513025,-0.039475244
-0.28545964,0.53119135
-0.40398845,-0.21476527
1.2821124,1.278939
0.07747291,0.3594454
1.0061356,1.0973033
-1.8913752,0.17910616
-0.3489309,0.15325513
0.09095515,0.90547246
-0.40947226,-0.45879447
-0.2051852,-0.49063393
-0.11837694,0.1080018
-0.4981474,0.37716365
0.009530873,-1.2723967
0.7007246,-0.083321385
0.58232874,0.11915318
-0.1899019,0.72430533
-0.014259534,-0.80600744
0.019050913,0.57185036
0.090130925,-0.57644874
0.005796056,-0.54984504
0.3772852,-1.2406279
-0.28784692,-0.50359005
-1.208776,-0.9186468
-0.40070978,-0.48035958
-0.71544176,0.51745856
0.32273492,-0.1666524
-0.28541917,-0.51190543
0.6512275,0.936922
0.46667793,1.2675092
0.20668358,-0.42540565
0.006137097,0.49427485
0.59607095,0.7178084
0.89113015,-0.866548
-1.262334,-0.3797633
0.26666063,-1.0062739
-0.45393652,-0.7317467
1.2787019,-0.01779801
0.5896544,-0.8572854
-0.8330927,-0.8512581
-0.51665,-0.6166248
0.34150332,-0.19516942
-1.0055392,-0.07144905
0.82397515,0.6397239
-0.032889012,0.27192178
-0.40174854,0.09489372
-0.58145285,0.66020703
-0.14910169,-1.2094127
-0.6555657,-0.1391203
1.6908504,-0.7763232
0.9498424,-0.33803025
-0.28108323,0.5088464
-0.018123444,-0.62829256
-0.19003703,0.71492344
0.6941118,0.5196353
0.2700496,-0.62040275
0.23492941,-1.3545247
-0.17255111,1.2540015
-0.5598344,0.5784991
-1.2948897,-0.41341597
0.5072767,-0.1893261
-1.8548523,-0.24987692
0.17644873,0.32840812
-0.6746147,-0.7614464
0.25503036,-0.10990503
1.25569,0.37848368
0.1734858,-1.6931583
1.4333596,-0.09401271
-0.24238393,0.30644974
-1.3720555,0.36757094
-0.71894485,-0.15249188
0.526403,0.079109386
1.0661465,1.1103344
0.054215096,1.5549176
0.24594912,0.7679975
-0.089461654,-0.45149302
-1.0936232,1.1705697
1.1827471,1.2146826
-0.010573387,0.7659671
0.06912528,0.48053023
-0.18645163,-0.62701225
0.5850983,-0.2116782
0.1757772,-0.82645476
-0.8472942,-0.8761171
-0.9695132,1.2324806
0.93081063,-0.21649131
-0.6910965,-0.293666
0.21880864,-0.6637411
0.8690926,1.0655928
-0.9917501,1.4030597
0.12821972,0.3655887
0.568805,-1.5682942
-0.12973326,0.021128906
-0.19486153,0.4167979
0.569442,-0.552305
0.3484542,0.12051179
1.1790036,0.025635129
-0.22037852,0.06522841
1.6148889,0.03329853
-0.43851122,-0.3647591
0.9023058,0.41660514
0.8807089,0.27937844
-0.3047801,-0.6917505
-1.1288227,-0.6518534
0.81620485,0.11355617
-0.44544315,-1.182482
0.24383005,-0.88440496
-0.9231343,-0.34661406
0.50620186,-0.45620248
0.3378127,1.1850984
-0.8181871,0.14129514
1.2654364,-0.017249668
-0.5842586,-1.5364772
0.5565005,0.90930897
-0.9374173,-1.253994
0.72223055,0.04305924
-0.110964,-1.3221322
-1.2259305,-0.3632328
1.4474254,-0.57454455
0.8953234,-0.66488576
-0.5045458,0.6796143
-0.80494016,-0.676777
0.76132715,-0.5629862
0.02314839,-0.20384428
1.4494646,0.49998897
-0.57311225,0.88355166
0.32078975,-0.44215706
0.3537301,-0.46515408
-0.7831163,-0.17005661
0.2079022,0.47758797
0.13366471,-0.24560216
-0.18027696,-1.0670099
0.51222533,1.092507
-0.556362,1.2966813
0.7991514,0.3937351
-0.19420564,-0.85206264
-0.54767597,-0.07223304
-1.1237838,1.5314866
1.1689682,-0.8786826
-0.15357645,-0.2173113
1.5730973,0.4565992
0.744555,-0.22561023
-0.04784082,-0.90236413
-0.28885964,-1.656832
-0.9337981,0.19291483
-0.11705762,0.3538606
0.24470696,-1.0538487
-0.025610145,-0.6373563
1.0438613,-0.20198345
0.47143486,0.37717983
2.016154,-1.6225461
0.3865977,-0.14567657
-0.286733,-1.6245769
-0.25215095,0.022625187
0.33126265,0.37243706
0.8880805,0.17112543
0.38026145,-0.54238033
0.13004673,-0.7262308
-0.8402091,0.5957064
0.22768736,0.6985274
-0.13567966,0.5903886
-0.3868748,0.4938131
1.4073921,0.99059206
-0.29796308,0.5908372
0.91199946,0.5181652
-0.16431963,0.5058928
0.08287196,2.004979
0.44911104,-0.17664212
0.46637905,-0.060499366
0.14913604,0.6120516
-0.6158519,-0.10904498
0.3882703,0.8701059
0.7003735,-0.08766109
0.6838822,-0.8863979
0.26358616,1.4776517
-0.4992515,0.43481135
0.5331176,0.18479
-1.3883721,-0.23492594
-0.28618726,-0.2796811
0.57501173,-0.9563804
1.1580251,0.75117224
0.3972063,0.12616318
0.16636951,-0.92099386
-0.47242418,0.50745714
-0.44880846,1.733474
-0.6744026,-0.2973364
-0.40387657,-0.5768082
-0.3135921,-1.1844424
-1.494457,0.94247824
-0.029083265,1.1768544
-1.6011683,0.2855098
-0.48565236,0.33057037
-0.6490535,0.41513878
-0.9554425,-1.1274271
-0.13059697,-1.010661
-0.6860484,0.11007709
0.010028768,0.12656876
0.40402558,-0.3010581
0.7148873,-0.4526186
-0.4104772,0.28280392
-0.5633244,-0.8185181
-0.44580892,-1.0107771
1.1354507,-0.67165923
0.0046750703,-0.8920014
-0.6889772,-1.0210603
1.2960092,0.11377938
-0.18970913,0.25984517
0.36016864,0.00594995
0.10377044,-0.6598924
0.12985806,1.030191
1.8218598,-0.26800168
-0.415006,0.24026687
-0.7127158,-0.98475343
0.26862153,0.64091873
0.43264002,0.2783412
0.33079603,0.25799572
-0.8463139,0.6363594
-0.056647915,-1.4950423
-0.5610197,0.25685894
-0.18425804,-2.0221605
0.15931612,0.41924977
0.07244818,0.74518126
0.6948502,-0.24532923
0.06685123,1.0263028
-1.1336299,0.9548066
0.6587457,0.18526222
0.30034134,0.4531009
0.43796578,-0.7392465
0.03938494,0.2846169
-0.25279832,-1.0873845
-0.07312797,0.10316217
-0.3803156,-0.2328971
1.1664965,-0.70358706
0.8464491,1.0554211
0.38976958,0.53363436
-0.1806869,0.09543098
-1.0362042,0.54182804
0.9428029,-0.92988455
-0.029103993,0.22546029
0.14250983,-0.6959233
1.0487586,0.16344462
-0.59434617,0.09907362
1.6632636,-0.71878487
-0.45290488,0.45063072
-0.21512058,1.368253
-0.67726296,-0.57004017
0.47143167,0.020689745
-0.55097663,-0.17889872
-1.1140606,-0.14552365
0.08689593,-0.12435282
1.0466084,-0.09378925
0.7691445,0.73802984
-0.48577157,0.25131086
0.8554774,0.22689624
-0.7427544,0.45481727
-0.5202002,0.0024418507
0.013031339,0.34399286
0.17037542,-0.32942548
0.4407872,-0.17288812
-1.2896146,-0.52596426
-1.0782712,0.2736372
0.24072288,0.14713801
0.88461304,-0.7274481
1.0622933,0.2823864
-0.45189032,-0.3350146
-0.36917612,0.43773815
-1.0441004,-0.27022085
-0.6042108,-0.8516283
-0.16547655,0.34886461
-0.85338557,-0.1542554
0.22894321,-0.4641954
-1.6396606,-0.65601134
0.35957092,-0.27327788
0.6102002,0.62465096
-0.22875364,0.6925576
0.3026485,-0.644467
0.04843301,-1.3034345
0.20968086,-0.19190857
0.6279185,0.59808034
-0.5139792,-0.73620784
-0.631239,0.126811
-1.7092272,-0.05006414
-0.40120983,0.7864452
-0.5156604,0.5473548
0.4138233,-0.21627183
-0.3635569,-0.29603842
-0.85799223,0.36888936
0.51725274,0.71934277
-0.7429777,-0.6469349
0.8625951,0.5017657
0.21553048,0.81972253
-0.31062153,0.69230634
-0.9686914,0.27051413
-0.44787523,0.055126563
0.9398267,0.44909176
-1.1560141,-0.61369187
0.00072459376,1.5158275
-0.8806498,0.6232761
-0.69759536,0.48657662
-0.1512409,-0.18474166
0.45592624,-0.3469521
0.9150929,-0.82792014
-0.27260983,-1.0295733
0.58910847,-0.012399778
0.30179805,-0.5717072
1.1573582,0.34757003
-1.2621644,0.039421543
1.6001037,-0.57574856
0.082581766,1.6606961
-0.43930182,1.0192115
0.0008564984,0.058856316
1.5129197,-0.9432132
-0.17082034,-0.9565373
-0.93203914,0.75466365
-0.77439064,-0.87930095
1.6566286,0.5484144
-0.38683125,-0.7703684
0.9763154,-0.5653565
-1.127438,1.005854
0.48586142,1.0773792
0.36076504,1.3277315
-0.36970055,0.020860286
-0.4888948,1.0221679
0.46130177,0.28916886
-0.4739663,-0.56260556
-0.06374582,-1.1985888
0.60971713,-0.31657147
-1.0364772,-0.17910464
0.7683247,-0.3164407
-0.6935017,-0.059546128
1.1184728,0.44431314
0.66114527,-0.16036512
1.1594346,0.115171775
0.27868998,-0.59266347
-0.084774464,0.43055823
-0.38701415,0.013975109
-1.2470028,-0.28336486
-0.5600408,0.40879065
0.022519853,-0.025458053
-0.72259873,1.4458356
1.0270009,-0.08719038
-0.41804415,-0.5673786
0.8600652,0.7601917
-0.43457922,-0.102602966
-0.36043862,-0.21865746
-0.78438014,1.1321068
0.13971804,1.9166212
0.64601463,-0.07462002
-0.090703815,-0.06105078
0.36358413,0.54102594
0.5019769,0.062933244
-0.76387477,0.6467162
-1.0632124,-0.32915
-0.0024017398,0.6673929
-0.80294776,0.046005033
-1.4620997,0.24222773
-0.34798738,-0.114717126
0.82307917,-0.034481574
-0.4760688,0.9112062
0.1910147,-0.5233307
0.7832159,0.92031246
-0.36698982,0.2964161
-1.3678163,1.2801208
-0.11167465,-0.10536711
0.8462518,0.24486488
-0.6713595,-0.29637766
-0.4673736,0.42411247
-0.72250295,0.15925331
-0.32276276,0.1229084
0.7147431,-0.034197345
0.05208968,1.6642724
-0.2336724,-1.2255948
0.7293264,-0.23648548
-1.2920493,0.262684
-0.1718595,-0.9882148
-1.8933,-0.61024606
-0.24062568,1.1689305
0.36437503,-0.3907312
0.032412846,0.13996398
-0.1827998,-0.50664157
0.39305604,0.2773438
-0.6676564,0.4400868
0.67009604,-0.16840541
0.6846551,-0.8770961
1.2583028,0.5711415
-0.4701234,0.74822974
0.2622733,-0.7908778
0.47606942,-0.7399286
0.1070564,0.19918643
-0.5514037,-0.3050971
-0.1735717,2.3774397
1.5818259,-0.6128978
0.031924177,-1.0521307
-0.5251136,-1.4352399
-2.0783846,-0.2529513
-0.26662418,-0.16815802
-0.051491305,0.5578083
0.2737784,-0.68974173
0.48564672,-0.90832376
-0.46594217,-1.5393577
0.7301625,0.79488885
0.9669761,0.6698185
-0.13190119,-0.38401088
-1.2796849,-0.1615445
0.62048626,0.5092706
-0.85736,0.2559003
-0.795814,0.291848
0.5508534,0.65426165
-0.38083646,-0.63626605
0.9661191,0.9414452
0.99807733,-0.49032128
-0.6585804,-0.046912886
1.2196475,0.7539223
-0.5480994,0.3205066
-0.22084284,-0.4559103
-0.4797165,0.10577654
1.2871524,0.07112362
-0.78572327,0.5681357
0.1906349,-0.48927966
-0.76576054,-0.56041104
0.3405561,0.37486163
0.39169073,1.4225446
1.0982041,1.4673356
0.014165856,0.31847444
0.18367134,-0.71274966
0.7198079,-1.0426059
0.33147135,-1.3197081
0.8893484,0.338173
0.9127676,-1.1573004
-1.1253381,-0.5042081
-1.119482,-0.5611512
0.8676255,0.26785642
-1.2106704,-0.43612808
-1.0977399,-1.2890488
0.66189355,0.22773908
0.8118594,0.7170993
-0.3975327,0.32152653
0.7384352,0.2531581
-0.06568241,0.45046988
-0.01209802,-0.35225987
-0.88470376,1.7264153
-0.68314636,-0.56740016
0.1965122,-0.019856691
-0.1986455,0.6431088
0.08663295,-0.3963826
-0.1815607,0.07163182
0.85981417,-0.40074277
1.3550771,-0.9990522
-0.56368667,0.018362962
0.06446739,-0.474893
-0.2739399,1.3868991
-0.49765012,-0.19305278
-0.74635786,-0.578116
0.4456501,-0.5243853
0.37073398,0.14712878
1.405647,0.47878572
-0.3304174,-0.2869859
-0.22385646,-0.58746934
-0.55524576,-0.52635294
1.248823,-0.31631875
-0.068679504,-0.045469
0.06398199,-0.69550854
-0.40405375,0.2388812
0.6641825,-1.0084168
0.09150443,-0.3644008
1.3604741,0.21094272
0.20746742,-0.9501237
-0.36549443,-0.21780504
